{"_step":19999,"Wins Per 10 Games":4,"Defeats Per 10 Games":5,"Loss":6.264405250549316,"Average Piece Difference Per 10 Games":-3,"_timestamp":1.735937346730802e+09,"_runtime":3300.4125413,"_wandb":{"runtime":3300}}