{"Average Piece Difference Per 10 Games":4.2,"_timestamp":1.7350760270496445e+09,"_runtime":3596.1394055,"_step":19999,"Wins Per 10 Games":4,"Defeats Per 10 Games":0,"Loss":7.814810276031494,"_wandb":{"runtime":3596}}