{"Loss":7.817773818969727,"Average Piece Difference Per 10 Games":-4.2,"_timestamp":1.7359452128820698e+09,"_runtime":4375.5379581,"_step":29979,"Wins Per 10 Games":3,"Defeats Per 10 Games":5,"_wandb":{"runtime":4375}}