{"Defeats Per 10 Games":0,"Loss":5.451316833496094,"Average Piece Difference Per 10 Games":11.2,"_timestamp":1.7376863616854813e+09,"_runtime":8118.158874,"_wandb":{"runtime":8118},"_step":5999,"Wins Per 10 Games":8}