{"Average Piece Difference Per 10 Games":0,"_wandb":{"runtime":3276},"_timestamp":1.7359313756362844e+09,"_runtime":3276.5025496,"_step":19999,"Wins Per 10 Games":0,"Defeats Per 10 Games":0,"Loss":0.28133565187454224}