{"_runtime":4.5592401,"_wandb":{"runtime":4},"_step":0,"Wins Per 10 Games":95,"Defeats Per 10 Games":99,"Loss":1544.5579833984375,"Average Piece Difference Per 10 Games":-8.8,"_timestamp":1.7362498589664152e+09}