{"Wins Per 10 Games":3,"Defeats Per 10 Games":7,"Loss":14.782506942749023,"Average Piece Difference Per 10 Games":-6.8,"_timestamp":1.7367510438001742e+09,"_wandb":{"runtime":425},"_runtime":425.3242549,"_step":6979}