{"Wins Per 10 Games":4,"_runtime":288.7116597,"_step":5272,"_timestamp":1.7362515797060513e+09,"_wandb":{"runtime":288},"Average Piece Difference Per 10 Games":-5.8,"Defeats Per 10 Games":6,"Loss":6.3112921714782715}