{"Wins Per 10 Games":8,"Defeats Per 10 Games":2,"Loss":3.0522613525390625,"Average Piece Difference Per 10 Games":7,"_timestamp":1.7367520458119695e+09,"_wandb":{"runtime":727},"_runtime":727.6076445,"_step":6980}